,Team,Round 1 Odds,Year
0,Maryland,+350 ,2002
1,Kansas,+300 ,2002
2,Oklahoma,+800 ,2002
3,Indiana,+7500 ,2002
4,Duke,+250 ,2002
5,Cincinnati,+700 ,2002
6,Connecticut,+800 ,2002
7,Florida,+1200 ,2002
8,Oregon,+1200 ,2002
9,Arizona,+1500 ,2002
10,Oklahoma State,+2500 ,2002
11,Alabama,+2500 ,2002
12,California,+2500 ,2002
13,Kent State,+2500 ,2002
14,Pittsburgh,+2500 ,2002
15,Kentucky,+4000 ,2002
16,Gonzaga,+4000 ,2002
17,Marquette,+4000 ,2002
18,Ohio State,+4000 ,2002
19,Stanford,+5000 ,2002
20,USC,+5000 ,2002
21,Illinois,+6000 ,2002
22,Wake Forest,+6000 ,2002
23,Tulsa,+6000 ,2002
24,UCLA,+8000 ,2002
25,Xavier,+8000 ,2002
26,Mississippi State,+8000 ,2002
27,NC State,+8000 ,2002
28,Texas Tech,+8000 ,2002
29,Utah,+10000 ,2002
30,Hawaii,+10000 ,2002
31,Pepperdine,+10000 ,2002
32,Miami (FL),+12500 ,2002
33,Missouri,+15000 ,2002
34,Michigan State,+15000 ,2002
35,Texas,+15000 ,2002
36,Charlotte,+15000 ,2002
37,Georgia,+15000 ,2002
38,Notre Dame,+15000 ,2002
39,Wyoming,+20000 ,2002
40,Boston College,+25000 ,2002
41,Ole Miss,+25000 ,2002
42,Pennsylvania,+25000 ,2002
43,Western Kentucky,+25000 ,2002
44,Creighton,+50000 ,2002
45,Southern Illinois,+50000 ,2002
46,St John's,+50000 ,2002
47,Valparaiso,+50000 ,2002
48,Wisconsin,+50000 ,2002
49,Illinois-Chicago,+100000 ,2002
50,San Diego State,+100000 ,2002
51,UC Santa Barbara,+100000 ,2002
52,Davidson,+250000 ,2002
53,Hampton,+250000 ,2002
54,McNeese State,+250000 ,2002
55,NC Wilmington,+250000 ,2002
56,Murray State,+400000 ,2002
57,Boston University,+500000 ,2002
58,Central Connecticut,+500000 ,2002
59,Florida Atlantic,+500000 ,2002
60,Holy Cross,+500000 ,2002
61,Montana,+500000 ,2002
62,Siena,+500000 ,2002
63,Winthrop,+500000 ,2002
64,Syracuse,+1800 ,2003
65,Texas,+800 ,2003
66,Kansas,+700 ,2003
67,Marquette,+2200 ,2003
68,Kentucky,+250 ,2003
69,Arizona,+300 ,2003
70,Oklahoma,+600 ,2003
71,Pittsburgh,+1000 ,2003
72,Duke,+1500 ,2003
73,Maryland,+1800 ,2003
74,Connecticut,+2000 ,2003
75,Notre Dame,+2500 ,2003
76,Michigan State,+3000 ,2003
77,Wisconsin,+3500 ,2003
78,Auburn,+15000 ,2003
79,Butler,+25000 ,2003
80,Florida,+1200 ,2003
81,Wake Forest,+1500 ,2003
82,Illinois,+1800 ,2003
83,Mississippi State,+2000 ,2003
84,Xavier,+2500 ,2003
85,Oregon,+4000 ,2003
86,Stanford,+4000 ,2003
87,Memphis,+4000 ,2003
88,LSU,+4500 ,2003
89,Missouri,+5000 ,2003
90,Oklahoma State,+5000 ,2003
91,Creighton,+5000 ,2003
92,St Joseph's,+5000 ,2003
93,Dayton,+6000 ,2003
94,Cincinnati,+7500 ,2003
95,Gonzaga,+8000 ,2003
96,California,+8000 ,2003
97,NC State,+8000 ,2003
98,Alabama,+10000 ,2003
99,Indiana,+10000 ,2003
100,Arizona State,+10000 ,2003
101,BYU,+10000 ,2003
102,Purdue,+10000 ,2003
103,Tulsa,+10000 ,2003
104,Pennsylvania,+15000 ,2003
105,Central Michigan,+15000 ,2003
106,Colorado,+15000 ,2003
107,Milwaukee,+15000 ,2003
108,Utah,+17500 ,2003
109,Southern Illinois,+20000 ,2003
110,Colorado State,+25000 ,2003
111,Holy Cross,+25000 ,2003
112,Weber State,+25000 ,2003
113,Western Kentucky,+30000 ,2003
114,Manhattan,+30000 ,2003
115,NC Wilmington,+30000 ,2003
116,San Diego,+30000 ,2003
117,Austin Peay,+40000 ,2003
118,Troy State,+50000 ,2003
119,Utah State,+50000 ,2003
120,East Tennessee State,+75000 ,2003
121,Sam Houston,+100000 ,2003
122,Wagner,+100000 ,2003
123,IUPUI,+300000 ,2003
124,South Carolina State,+300000 ,2003
125,Texas Southern,+300000 ,2003
126,UNC Ashville,+300000 ,2003
127,Vermont,+300000 ,2003
128,Connecticut,+450 ,2004
129,Duke,+400 ,2004
130,Oklahoma State,+700 ,2004
131,Georgia Tech,+1000 ,2004
132,Kentucky,+350 ,2004
133,Stanford,+400 ,2004
134,Gonzaga,+700 ,2004
135,Mississippi State,+700 ,2004
136,St Joseph's,+900 ,2004
137,Pittsburgh,+1000 ,2004
138,Wake Forest,+1200 ,2004
139,Maryland,+1200 ,2004
140,North Carolina,+1500 ,2004
141,NC State,+1800 ,2004
142,Kansas,+2000 ,2004
143,Florida,+2500 ,2004
144,Texas,+2500 ,2004
145,Illinois,+3000 ,2004
146,Wisconsin,+3000 ,2004
147,Arizona,+4000 ,2004
148,Cincinnati,+4000 ,2004
149,Syracuse,+4000 ,2004
150,Providence,+4000 ,2004
151,Michigan State,+5000 ,2004
152,Louisville,+5000 ,2004
153,Texas Tech,+5000 ,2004
154,Charlotte,+5000 ,2004
155,Xavier,+5000 ,2004
156,BYU,+5000 ,2004
157,Nevada,+5000 ,2004
158,DePaul,+5000 ,2004
159,Vanderbilt,+5000 ,2004
160,Western Michigan,+5000 ,2004
161,Memphis,+7500 ,2004
162,Seton Hall,+7500 ,2004
163,Alabama,+7500 ,2004
164,South Carolina,+7500 ,2004
165,Utah,+7500 ,2004
166,Boston College,+7500 ,2004
167,Dayton,+7500 ,2004
168,Illinois-Chicago,+10000 ,2004
169,Richmond,+10000 ,2004
170,Southern Illinois,+10000 ,2004
171,UAB,+10000 ,2004
172,Washington,+10000 ,2004
173,Manhattan,+25000 ,2004
174,Pacific,+25000 ,2004
175,UTEP,+25000 ,2004
176,Central Florida,+50000 ,2004
177,East Tennessee State,+50000 ,2004
178,Louisiana Lafayette,+50000 ,2004
179,Murray State,+50000 ,2004
180,Northern Iowa,+50000 ,2004
181,Princeton,+50000 ,2004
182,Air Force,+75000 ,2004
183,VCU,+75000 ,2004
184,Alabama State,+100000 ,2004
185,Florida A&M,+100000 ,2004
186,Lehigh,+100000 ,2004
187,Liberty,+100000 ,2004
188,Monmouth,+100000 ,2004
189,Texas San Antonio,+100000 ,2004
190,Vermont,+100000 ,2004
191,Eastern Washington,+500000 ,2004
192,Valparaiso,+500000 ,2004
193,North Carolina,+350 ,2005
194,Illinois,+400 ,2005
195,Louisville,+2500 ,2005
196,Michigan State,+600 ,2005
197,Duke,+400 ,2005
198,Wake Forest,+450 ,2005
199,Connecticut,+700 ,2005
200,Washington,+700 ,2005
201,Oklahoma State,+800 ,2005
202,Arizona,+1000 ,2005
203,Oklahoma,+1000 ,2005
204,Kansas,+1200 ,2005
205,Georgia Tech,+1200 ,2005
206,Kentucky,+1500 ,2005
207,Florida,+1800 ,2005
208,Syracuse,+2000 ,2005
209,NC State,+2000 ,2005
210,Wisconsin,+2000 ,2005
211,George Washington,+2500 ,2005
212,Alabama,+3500 ,2005
213,Boston College,+3500 ,2005
214,Gonzaga,+3500 ,2005
215,Pittsburgh,+3500 ,2005
216,Cincinnati,+5000 ,2005
217,Iowa,+5000 ,2005
218,Villanova,+5000 ,2005
219,Texas Tech,+6000 ,2005
220,Minnesota,+6000 ,2005
221,Mississippi State,+6000 ,2005
222,New Mexico,+6000 ,2005
223,Stanford,+6000 ,2005
224,Utah,+6000 ,2005
225,Iowa State,+7500 ,2005
226,Texas,+7500 ,2005
227,Utah State,+7500 ,2005
228,UTEP,+7500 ,2005
229,West Virginia,+7500 ,2005
230,Charlotte,+10000 ,2005
231,LSU,+10000 ,2005
232,Nevada,+10000 ,2005
233,Pacific,+10000 ,2005
234,Southern Illinois,+10000 ,2005
235,St Mary's (CA),+10000 ,2005
236,UCLA,+10000 ,2005
237,Creighton,+25000 ,2005
238,Louisiana Lafayette,+25000 ,2005
239,Northern Iowa,+25000 ,2005
240,UAB,+25000 ,2005
241,Milwaukee,+50000 ,2005
242,Ohio,+50000 ,2005
243,Old Dominion,+50000 ,2005
244,Pennsylvania,+50000 ,2005
245,Alabama A&M,+100000 ,2005
246,Bucknell,+100000 ,2005
247,Delaware State,+100000 ,2005
248,Fairleigh Dickinson,+100000 ,2005
249,Montana,+100000 ,2005
250,Niagara,+100000 ,2005
251,Oakland,+100000 ,2005
252,Southeast Louisiana,+100000 ,2005
253,Vermont,+100000 ,2005
254,Central Florida,+500000 ,2005
255,Chattanooga,+500000 ,2005
256,Eastern Kentucky,+500000 ,2005
257,Wintrop,+500000 ,2005
258,Florida,+2000 ,2006
259,LSU,+3500 ,2006
260,UCLA,+1500 ,2006
261,George Mason,+15000 ,2006
262,Duke,+400 ,2006
263,Connecticut,+450 ,2006
264,Villanova,+600 ,2006
265,North Carolina,+800 ,2006
266,Texas,+1000 ,2006
267,Memphis,+1200 ,2006
268,Kansas,+1500 ,2006
269,Ohio State,+1500 ,2006
270,Boston College,+1800 ,2006
271,Gonzaga,+2000 ,2006
272,Illinois,+2000 ,2006
273,Pittsburgh,+2000 ,2006
274,Iowa,+2500 ,2006
275,Tennessee,+2500 ,2006
276,Michigan State,+3500 ,2006
277,Washington,+3500 ,2006
278,Arkansas,+5000 ,2006
279,George Washington,+5000 ,2006
280,Georgetown,+5000 ,2006
281,Nevada,+5000 ,2006
282,Oklahoma,+5000 ,2006
283,Syracuse,+5000 ,2006
284,Arizona,+7500 ,2006
285,California,+7500 ,2006
286,Kentucky,+7500 ,2006
287,Marquette,+7500 ,2006
288,NC State,+7500 ,2006
289,Northern Iowa,+7500 ,2006
290,West Virginia,+7500 ,2006
291,Wisconsin,+7500 ,2006
292,Alabama,+10000 ,2006
293,Indiana,+10000 ,2006
294,NC Wilmington,+10000 ,2006
295,UAB,+10000 ,2006
296,Milwaukee,+15000 ,2006
297,San Diego State,+15000 ,2006
298,Seton Hall,+15000 ,2006
299,Southern Illinois,+15000 ,2006
300,Texas A&M,+15000 ,2006
301,Wichita State,+15000 ,2006
302,Bucknell,+25000 ,2006
303,Kent State,+25000 ,2006
304,Utah State,+25000 ,2006
305,Air Force,+50000 ,2006
306,Bradley,+50000 ,2006
307,Iona,+50000 ,2006
308,Murray State,+50000 ,2006
309,South Alabama,+50000 ,2006
310,Xavier,+50000 ,2006
311,Albany,+100000 ,2006
312,Belmont,+100000 ,2006
313,Hampton,+100000 ,2006
314,Monmouth,+100000 ,2006
315,Northwestern State,+100000 ,2006
316,Oral Roberts,+100000 ,2006
317,Pacific,+100000 ,2006
318,Pennsylvania,+100000 ,2006
319,Southern,+100000 ,2006
320,Davidson,+500000 ,2006
321,Montana,+500000 ,2006
322,Wintrop,+500000 ,2006
323,Florida,+400 ,2007
324,Ohio State ,+700 ,2007
325,UCLA ,+800 ,2007
326,Georgetown ,+800 ,2007
327,North Carolina,+500 ,2007
328,Kansas,+600 ,2007
329,Memphis,+1200 ,2007
330,Texas A&M,+1200 ,2007
331,Wisconsin,+1200 ,2007
332,Texas,+1500 ,2007
333,Maryland,+2000 ,2007
334,Oregon,+2000 ,2007
335,Pittsburgh ,+2200 ,2007
336,Louisville,+2500 ,2007
337,Washington State,+3000 ,2007
338,Duke ,+3500 ,2007
339,Notre Dame,+4000 ,2007
340,Tennessee,+5000 ,2007
341,Southern Illinois,+6000 ,2007
342,USC,+6000 ,2007
343,Kentucky,+7000 ,2007
344,Virginia Tech,+7000 ,2007
345,Georgia Tech,+7500 ,2007
346,Arizona,+8000 ,2007
347,Michigan State,+8000 ,2007
348,Vanderbilt,+8000 ,2007
349,Villanova,+8000 ,2007
350,Virginia,+8000 ,2007
351,Indiana,+10000 ,2007
352,Nevada,+10000 ,2007
353,UNLV,+10000 ,2007
354,Arkansas,+12500 ,2007
355,Boston College,+12500 ,2007
356,Butler,+12500 ,2007
357,Marquette,+12500 ,2007
358,Xavier,+12500 ,2007
359,BYU,+15000 ,2007
360,Creighton,+15000 ,2007
361,Gonzaga,+20000 ,2007
362,Stanford,+20000 ,2007
363,Purdue,+25000 ,2007
364,Illinois,+30000 ,2007
365,Old Dominion,+30000 ,2007
366,Texas Tech,+30000 ,2007
367,George Washington,+40000 ,2007
368,VCU,+40000 ,2007
369,Winthrop,+40000 ,2007
370,Davidson,+50000 ,2007
371,Long Beach State,+50000 ,2007
372,New Mexico State,+50000 ,2007
373,Holy Cross,+60000 ,2007
374,"Miami, Ohio",+60000 ,2007
375,Oral Roberts,+60000 ,2007
376,Pennsylvania,+80000 ,2007
377,Wright State,+80000 ,2007
378,Albany,+100000 ,2007
379,North Texas,+100000 ,2007
380,Weber State,+100000 ,2007
381,Belmont,+200000 ,2007
382,Niagara,+200000 ,2007
383,Texas A&M-CC,+300000 ,2007
384,Central Connecticut,+500000 ,2007
385,Eastern Kentucky,+500000 ,2007
386,Florida A&M,+500000 ,2007
387,Jackson State,+500000 ,2007
388,Kansas,+700 ,2008
389,North Carolina,+400 ,2008
390,UCLA,+350 ,2008
391,Memphis,+800 ,2008
392,Georgetown,+1000 ,2008
393,Tennessee,+1200 ,2008
394,Duke,+1500 ,2008
395,Stanford,+1500 ,2008
396,Texas,+1500 ,2008
397,Louisville,+2000 ,2008
398,Wisconsin,+2000 ,2008
399,Clemson,+3000 ,2008
400,Pittsburgh,+4000 ,2008
401,USC,+4000 ,2008
402,Vanderbilt,+4000 ,2008
403,Washington State,+4000 ,2008
404,Xavier,+4000 ,2008
405,Connecticut,+5000 ,2008
406,Notre Dame,+5000 ,2008
407,Marquette,+6500 ,2008
408,Michigan State,+6500 ,2008
409,Purdue,+6500 ,2008
410,Arizona,+10000 ,2008
411,Arkansas,+10000 ,2008
412,Butler,+10000 ,2008
413,BYU,+10000 ,2008
414,Davidson,+10000 ,2008
415,Drake,+10000 ,2008
416,Gonzaga,+10000 ,2008
417,Indiana,+10000 ,2008
418,Kansas State,+10000 ,2008
419,Kent State,+10000 ,2008
420,Miami (FL),+10000 ,2008
421,Mississippi State,+10000 ,2008
422,Oklahoma,+10000 ,2008
423,Oregon,+10000 ,2008
424,St Mary's (CA),+10000 ,2008
425,UNLV,+10000 ,2008
426,West Virginia,+10000 ,2008
427,Baylor,+25000 ,2008
428,Kentucky,+25000 ,2008
429,South Alabama,+25000 ,2008
430,St Joseph's,+25000 ,2008
431,Texas A&M,+25000 ,2008
432,George Mason,+50000 ,2008
433,Temple,+50000 ,2008
434,Villanova,+50000 ,2008
435,Western Kentucky,+50000 ,2008
436,American,+100000 ,2008
437,Austin Peay,+100000 ,2008
438,Belmont,+100000 ,2008
439,Coppin State,+100000 ,2008
440,Georgia,+100000 ,2008
441,Mississippi Valley State,+100000 ,2008
442,Mount St Mary's,+100000 ,2008
443,Portland State,+100000 ,2008
444,San Diego,+100000 ,2008
445,UMBC,+100000 ,2008
446,UT-Arlington,+100000 ,2008
447,Boise State,+500000 ,2008
448,Cornell,+500000 ,2008
449,CS Fullerton,+500000 ,2008
450,Oral Roberts,+500000 ,2008
451,Siena,+500000 ,2008
452,Winthrop,+500000 ,2008
453,North Carolina ,+400 ,2009
454,Connecticut,+700 ,2009
455,Michigan State ,+1500 ,2009
456,Villanova ,+3000 ,2009
457,Louisville ,+450 ,2009
458,Pittsburgh ,+500 ,2009
459,Memphis ,+900 ,2009
460,Duke ,+1000 ,2009
461,Oklahoma ,+1800 ,2009
462,Syracuse ,+2000 ,2009
463,Gonzaga ,+2500 ,2009
464,Purdue ,+4000 ,2009
465,Missouri ,+4000 ,2009
466,Kansas ,+5000 ,2009
467,Xavier,+10000 ,2009
468,Arizona ,+15000 ,2009
469,Wake Forest ,+2200 ,2009
470,UCLA ,+3000 ,2009
471,West Virginia ,+5000 ,2009
472,Arizona State ,+5000 ,2009
473,Washington ,+5000 ,2009
474,Florida State ,+6500 ,2009
475,Clemson ,+8000 ,2009
476,LSU ,+8000 ,2009
477,Texas ,+10000 ,2009
478,Tennessee ,+10000 ,2009
479,USC,+10000 ,2009
480,Marquette ,+10000 ,2009
481,Boston College ,+10000 ,2009
482,California ,+10000 ,2009
483,Oklahoma State ,+10000 ,2009
484,Utah,+10000 ,2009
485,Wisconsin ,+15000 ,2009
486,BYU ,+15000 ,2009
487,Illinois ,+15000 ,2009
488,Ohio State ,+20000 ,2009
489,Texas A&M ,+20000 ,2009
490,Maryland ,+25000 ,2009
491,Butler,+25000 ,2009
492,Temple,+25000 ,2009
493,Mississippi State ,+30000 ,2009
494,Michigan ,+30000 ,2009
495,VCU,+30000 ,2009
496,Dayton,+50000 ,2009
497,Minnesota,+50000 ,2009
498,Siena,+50000 ,2009
499,Western Kentucky,+50000 ,2009
500,Utah State,+75000 ,2009
501,Alabama State,+100000 ,2009
502,Binghampton,+100000 ,2009
503,Chattanooga,+100000 ,2009
504,Cleveland State,+100000 ,2009
505,CS Northridge,+100000 ,2009
506,East Tennessee State,+100000 ,2009
507,Morehead State,+100000 ,2009
508,Morgan State,+100000 ,2009
509,Radford,+100000 ,2009
510,Robert Morris,+100000 ,2009
511,Akron,+250000 ,2009
512,Northern Iowa,+250000 ,2009
513,Portland State,+250000 ,2009
514,American,+500000 ,2009
515,Cornell,+500000 ,2009
516,North Dakota State,+500000 ,2009
517,Stephen F. Austin,+500000 ,2009
518,Duke,+650 ,2010
519,Butler,+8000 ,2010
520,West Virginia,+1000 ,2010
521,Michigan State,+2500 ,2010
522,Kentucky,+300 ,2010
523,Kansas State,+2000 ,2010
524,Baylor,+3500 ,2010
525,Tennessee,+6600 ,2010
526,Syracuse,+700 ,2010
527,Ohio State,+1200 ,2010
528,Xavier,+8000 ,2010
529,Purdue,+6000 ,2010
530,Washington,+20000 ,2010
531,Northern Iowa,+25000 ,2010
532,Kansas,+175 ,2010
533,Villanova,+1800 ,2010
534,Wisconsin,+5000 ,2010
535,Maryland,+3300 ,2010
536,Pittsburgh,+5000 ,2010
537,New Mexico,+5000 ,2010
538,BYU,+10000 ,2010
539,Wake Forest,+15000 ,2010
540,Georgia Tech,+10000 ,2010
541,Missouri,+15000 ,2010
542,California,+10000 ,2010
543,Gonzaga,+10000 ,2010
544,Texas A&M,+10000 ,2010
545,Old Dominion,+30000 ,2010
546,Murray State,+30000 ,2010
547,Georgetown,+2500 ,2010
548,Temple,+8000 ,2010
549,Vanderbilt,+8000 ,2010
550,Texas,+10000 ,2010
551,Louisville,+10000 ,2010
552,Memphis,+10000 ,2010
553,Marquette,+10000 ,2010
554,Notre Dame,+10000 ,2010
555,Oklahoma State,+10000 ,2010
556,Florida,+12500 ,2010
557,Clemson,+15000 ,2010
558,Florida State,+20000 ,2010
559,Minnesota,+20000 ,2010
560,UNLV,+25000 ,2010
561,Houston,+25000 ,2010
562,UTEP,+25000 ,2010
563,New Mexico State,+30000 ,2010
564,Connecticut,+2500 ,2011
565,Butler,+20000 ,2011
566,Kentucky,+1600 ,2011
567,VCU,+30000 ,2011
568,Kansas,+400 ,2011
569,North Carolina,+1800 ,2011
570,Florida,+2000 ,2011
571,Arizona,+8000 ,2011
572,Ohio State,+450 ,2011
573,Duke,+400 ,2011
574,San Diego State,+2000 ,2011
575,Wisconsin,+5000 ,2011
576,BYU,+4000 ,2011
577,Florida State,+25000 ,2011
578,Richmond,+30000 ,2011
579,Marquette,+12500 ,2011
580,Pittsburgh,+700 ,2011
581,Texas,+2000 ,2011
582,Syracuse,+2200 ,2011
583,Purdue,+2500 ,2011
584,Kansas State,+5000 ,2011
585,Washington,+4000 ,2011
586,West Virginia,+10000 ,2011
587,UCLA,+12500 ,2011
588,Temple,+15000 ,2011
589,Illinois,+10000 ,2011
590,Michigan,+25000 ,2011
591,George Mason,+25000 ,2011
592,Morehead State,+40000 ,2011
593,Notre Dame,+1800 ,2011
594,Louisville,+2200 ,2011
595,St John's,+5000 ,2011
596,Michigan State,+8000 ,2011
597,Gonzaga,+8000 ,2011
598,Georgetown,+10000 ,2011
599,UNLV,+10000 ,2011
600,Utah State,+10000 ,2011
601,Cincinnati,+10000 ,2011
602,Missouri,+12500 ,2011
603,Vanderbilt,+12500 ,2011
604,Old Dominion,+12500 ,2011
605,Villanova,+15000 ,2011
606,Tennessee,+20000 ,2011
607,Belmont,+20000 ,2011
608,Penn State,+22500 ,2011
609,Xavier,+25000 ,2011
610,Texas A&M,+25000 ,2011
611,USC,+25000 ,2011
612,Memphis,+25000 ,2011
613,Clemson,+25000 ,2011
614,Georgia,+30000 ,2011
615,Oakland,+30000 ,2011
616,St Peters,+40000 ,2011
617,Wofford,+40000 ,2011
618,UAB,+50000 ,2011
619,Akron,+50000 ,2011
620,Bucknell,+50000 ,2011
621,Indiana State,+50000 ,2011
622,Northern Colorado,+50000 ,2011
623,Princeton,+50000 ,2011
624,UC Santa Barbara,+50000 ,2011
625,Alabama State,+100000 ,2011
626,Arkansas-Little Rock,+100000 ,2011
627,Boston U,+100000 ,2011
628,Hampton,+100000 ,2011
629,Long Island,+100000 ,2011
630,Texas San Antonio,+100000 ,2011
631,UNC Asheville,+100000 ,2011
632,Kentucky,+185 ,2012
633,Kansas,+1000 ,2012
634,Ohio State,+650 ,2012
635,Louisville,+3300 ,2012
636,Syracuse,+1200 ,2012
637,North Carolina,+500 ,2012
638,Florida,+6600 ,2012
639,Baylor,+2500 ,2012
640,Michigan State,+800 ,2012
641,Marquette,+3500 ,2012
642,Wisconsin,+5000 ,2012
643,Indiana,+6600 ,2012
644,Cincinnati,+6600 ,2012
645,NC State,+12500 ,2012
646,Xavier,+20000 ,2012
647,Florida State,+3300 ,2012
648,Vanderbilt,+4000 ,2012
649,Georgetown,+5000 ,2012
650,Kansas State,+10000 ,2012
651,Murray State,+8000 ,2012
652,New Mexico,+6600 ,2012
653,Gonzaga,+12500 ,2012
654,South Florida,+15000 ,2012
655,Creighton,+15000 ,2012
656,St Louis,+15000 ,2012
657,Iowa State,+20000 ,2012
658,Colorado,+30000 ,2012
659,VCU,+30000 ,2012
660,Purdue,+12500 ,2012
661,Duke,+1000 ,2012
662,Missouri,+1200 ,2012
663,Wichita State,+5000 ,2012
664,Memphis,+6600 ,2012
665,Michigan,+6600 ,2012
666,Connecticut,+6600 ,2012
667,UNLV,+10000 ,2012
668,Texas,+10000 ,2012
669,BYU,+12500 ,2012
670,Alabama,+15000 ,2012
671,Notre Dame,+15000 ,2012
672,Temple,+15000 ,2012
673,West Virginia,+15000 ,2012
674,St Mary's (CA),+15000 ,2012
675,Virginia,+20000 ,2012
676,Belmont,+20000 ,2012
677,Vermont,+20000 ,2012
678,Southern Miss,+25000 ,2012
679,Harvard,+25000 ,2012
680,Davidson,+30000 ,2012
681,Louisville ,+450 ,2013
682,Michigan ,+1800 ,2013
683,Syracuse ,+2200 ,2013
684,Florida ,+700 ,2013
685,Ohio State ,+1400 ,2013
686,Duke ,+900 ,2013
687,Marquette ,+5000 ,2013
688,Indiana ,+500 ,2013
689,Miami (FL) ,+800 ,2013
690,Kansas ,+1000 ,2013
691,Michigan State ,+1800 ,2013
692,Arizona ,+5000 ,2013
693,Oregon ,+12500 ,2013
694,Gonzaga ,+900 ,2013
695,St Louis ,+2500 ,2013
696,North Carolina ,+5000 ,2013
697,Memphis ,+8000 ,2013
698,Butler ,+8000 ,2013
699,Minnesota ,+10000 ,2013
700,California ,+15000 ,2013
701,Iowa State ,+20000 ,2013
702,San Diego State ,+12500 ,2013
703,Creighton ,+12500 ,2013
704,Illinois ,+20000 ,2013
705,Ole Miss,+20000 ,2013
706,Colorado State ,+30000 ,2013
707,Georgetown ,+1600 ,2013
708,New Mexico ,+1600 ,2013
709,Wisconsin ,+2800 ,2013
710,Pittsburgh ,+5000 ,2013
711,VCU ,+5000 ,2013
712,Kansas State ,+6600 ,2013
713,NC State ,+6600 ,2013
714,UNLV ,+6600 ,2013
715,Oklahoma State ,+10000 ,2013
716,UCLA ,+10000 ,2013
717,Missouri ,+12500 ,2013
718,Notre Dame ,+12500 ,2013
719,Cincinnati ,+20000 ,2013
720,Temple ,+20000 ,2013
721,Davidson ,+25000 ,2013
722,Belmont ,+25000 ,2013
723,Akron,+25000 ,2013
724,Bucknell,+25000 ,2013
725,Oklahoma ,+30000 ,2013
726,Connecticut,+9500 ,2014
727,Kentucky ,+5000 ,2014
728,Florida ,+550 ,2014
729,Wisconsin ,+2200 ,2014
730,Arizona ,+800 ,2014
731,Michigan State ,+550 ,2014
732,Michigan ,+3500 ,2014
733,Dayton ,+50000 ,2014
734,Louisville ,+550 ,2014
735,Virginia ,+1500 ,2014
736,UCLA ,+3500 ,2014
737,Baylor ,+9000 ,2014
738,Iowa State ,+3000 ,2014
739,Tennessee ,+20000 ,2014
740,San Diego State ,+8500 ,2014
741,Stanford ,+30000 ,2014
742,Kansas ,+1300 ,2014
743,Wichita State ,+1500 ,2014
744,Syracuse ,+1800 ,2014
745,Villanova ,+3000 ,2014
746,Creighton ,+4000 ,2014
747,North Carolina ,+7500 ,2014
748,Pittsburgh ,+10000 ,2014
749,Oregon ,+10000 ,2014
750,Texas ,+12000 ,2014
751,St Louis ,+12500 ,2014
752,Memphis ,+12500 ,2014
753,Gonzaga ,+15000 ,2014
754,Harvard ,+50000 ,2014
755,FIELD ,+12500 ,2014
756,North Dakota State,+50000 ,2014
757,Duke ,+2000 ,2014
758,Oklahoma State ,+6000 ,2014
759,Ohio State ,+7500 ,2014
760,Oklahoma ,+9500 ,2014
761,Cincinnati ,+9500 ,2014
762,New Mexico ,+12000 ,2014
763,VCU ,+12000 ,2014
764,U Mass ,+15000 ,2014
765,Iowa ,+20000 ,2014
766,Providence ,+30000 ,2014
767,Arizona State,+30000 ,2014
768,Nebraska,+40000 ,2014
769,Kansas State ,+50000 ,2014
770,Xavier ,+50000 ,2014
771,Colorado ,+50000 ,2014
772,BYU ,+50000 ,2014
773,NC State ,+50000 ,2014
774,St Joseph's,+50000 ,2014
775,George Washington,+50000 ,2014
776,Duke ,+1000 ,2015
777,Wisconsin ,+700 ,2015
778,Kentucky ,+110 ,2015
779,Michigan State ,+4000 ,2015
780,Arizona ,+850 ,2015
781,Gonzaga ,+1800 ,2015
782,Notre Dame ,+2800 ,2015
783,Louisville ,+6600 ,2015
784,Oklahoma ,+5000 ,2015
785,Wichita State ,+6600 ,2015
786,Utah ,+5000 ,2015
787,North Carolina ,+4000 ,2015
788,NC State ,+20000 ,2015
789,Xavier ,+20000 ,2015
790,West Virginia ,+10000 ,2015
791,UCLA ,+20000 ,2015
792,Villanova ,+800 ,2015
793,Virginia ,+1200 ,2015
794,Kansas ,+4000 ,2015
795,Northern Iowa ,+8000 ,2015
796,Maryland ,+10000 ,2015
797,Ohio State ,+8000 ,2015
798,Butler ,+15000 ,2015
799,Iowa ,+20000 ,2015
800,Georgetown ,+10000 ,2015
801,Oregon ,+30000 ,2015
802,Arkansas ,+15000 ,2015
803,San Diego State ,+30000 ,2015
804,Dayton ,+30000 ,2015
805,Georgia State ,+50000 ,2015
806,UAB ,+100000 ,2015
807,Cincinnati ,+30000 ,2015
808,Iowa State ,+2500 ,2015
809,SMU ,+5000 ,2015
810,Baylor ,+6600 ,2015
811,Texas ,+10000 ,2015
812,VCU ,+10000 ,2015
813,LSU ,+20000 ,2015
814,Georgia,+20000 ,2015
815,Providence ,+20000 ,2015
816,St John's ,+20000 ,2015
817,BYU ,+20000 ,2015
818,Davidson ,+20000 ,2015
819,Oklahoma State ,+30000 ,2015
820,Indiana ,+30000 ,2015
821,Harvard ,+30000 ,2015
822,Purdue ,+30000 ,2015
823,Ole Miss,+50000 ,2015
824,Boise State ,+50000 ,2015
825,Eastern Washington ,+50000 ,2015
826,Northeastern ,+50000 ,2015
827,Stephen F Austin ,+50000 ,2015
828,UC Irvine ,+50000 ,2015
829,Valparaiso ,+50000 ,2015
830,Albany ,+100000 ,2015
831,Buffalo ,+100000 ,2015
832,New Mexico State ,+100000 ,2015
833,Wyoming ,+100000 ,2015
834,Belmont ,+250000 ,2015
835,Coastal Carolina ,+250000 ,2015
836,Hampton ,+250000 ,2015
837,Lafayette ,+250000 ,2015
838,Manhattan ,+250000 ,2015
839,North Dakota State ,+250000 ,2015
840,North Florida ,+250000 ,2015
841,Robert Morris ,+250000 ,2015
842,Texas Southern ,+250000 ,2015
843,Wofford ,+250000 ,2015
844,Villanova ,+1500 ,2016
845,North Carolina ,+580 ,2016
846,Oklahoma ,+1600 ,2016
847,Syracuse ,+27500 ,2016
848,Kansas ,+485 ,2016
849,Virginia ,+900 ,2016
850,Oregon ,+2000 ,2016
851,Notre Dame ,+16000 ,2016
852,Indiana ,+5000 ,2016
853,Gonzaga ,+11500 ,2016
854,Texas A&M ,+3400 ,2016
855,Miami (FL),+5300 ,2016
856,Duke ,+3300 ,2016
857,Maryland ,+4500 ,2016
858,Iowa State ,+6800 ,2016
859,Wisconsin ,+17500 ,2016
860,Kentucky ,+1200 ,2016
861,Xavier ,+3300 ,2016
862,Utah ,+10000 ,2016
863,Wichita State ,+12500 ,2016
864,Connecticut ,+10000 ,2016
865,Iowa ,+10000 ,2016
866,Butler ,+27500 ,2016
867,Providence ,+32500 ,2016
868,Yale,+100000 ,2016
869,VCU ,+18000 ,2016
870,St Joseph's ,+25000 ,2016
871,Northern Iowa ,+55000 ,2016
872,Hawaii ,+200000 ,2016
873,Middle Tennessee State,+999999 ,2016
874,Stephen F Austin ,+55000 ,2016
875,Arkansas-Little Rock,+175000 ,2016
876,Michigan State ,+675 ,2016
877,West Virginia ,+2300 ,2016
878,Purdue ,+4000 ,2016
879,Arizona ,+6000 ,2016
880,California ,+6500 ,2016
881,Baylor ,+8500 ,2016
882,Texas ,+10000 ,2016
883,Seton Hall ,+10000 ,2016
884,Cincinnati ,+20000 ,2016
885,Vanderbilt ,+22500 ,2016
886,Dayton ,+30000 ,2016
887,Pittsburgh ,+35000 ,2016
888,Oregon State ,+40000 ,2016
889,Michigan ,+47500 ,2016
890,Colorado ,+70000 ,2016
891,Texas Tech ,+70000 ,2016
892,USC ,+80000 ,2016
893,Temple ,+80000 ,2016
894,Tulsa ,+100000 ,2016
895,South Dakota State ,+100000 ,2016
896,Chattanooga ,+300000 ,2016
897,Iona,+300000 ,2016
898,UNC Wilmington ,+300000 ,2016
899,Stony Brook ,+400000 ,2016
900,Buffalo ,+500000 ,2016
901,Austin Peay ,+999999 ,2016
902,CS Bakersfield ,+999999 ,2016
903,Fairleigh Dickinson ,+999999 ,2016
904,Florida Gulf Coast ,+999999 ,2016
905,Fresno State,+999999 ,2016
906,Green Bay ,+999999 ,2016
907,Hampton ,+999999 ,2016
908,Holy Cross ,+999999 ,2016
909,Southern ,+999999 ,2016
910,UNC Asheville ,+999999 ,2016
911,Weber State ,+999999 ,2016
912,North Carolina,+535 ,2017
913,Gonzaga,+925 ,2017
914,Oregon,+2800 ,2017
915,South Carolina,+28000 ,2017
916,Kansas,+875 ,2017
917,Kentucky,+1250 ,2017
918,Florida,+6300 ,2017
919,Xavier,+52000 ,2017
920,Arizona,+1100 ,2017
921,UCLA,+1450 ,2017
922,Michigan,+6800 ,2017
923,Wisconsin,+8300 ,2017
924,West Virginia,+3650 ,2017
925,Baylor,+5200 ,2017
926,Purdue,+4000 ,2017
927,Butler,+8300 ,2017
928,Villanova,+820 ,2017
929,Duke,+850 ,2017
930,Louisville,+1900 ,2017
931,Florida State,+3750 ,2017
932,Wichita State,+8000 ,2017
933,Iowa State,+5300 ,2017
934,Notre Dame,+7500 ,2017
935,Virginia,+4400 ,2017
936,St Mary's (CA),+10500 ,2017
937,Michigan State,+17000 ,2017
938,Cincinnati,+12500 ,2017
939,Rhode Island,+30000 ,2017
940,Middle Tennessee State,+40000 ,2017
941,USC,+52000 ,2017
942,Arkansas,+31500 ,2017
943,Northwestern,+55000 ,2017
944,SMU,+4500 ,2017
945,Maryland,+16500 ,2017
946,Oklahoma State,+17000 ,2017
947,Miami (FL),+23000 ,2017
948,Minnesota,+25000 ,2017
949,Creighton,+32500 ,2017
950,Virginia Tech,+34000 ,2017
951,Seton Hall,+34000 ,2017
952,Dayton,+35500 ,2017
953,Vanderbilt,+37000 ,2017
954,VCU,+40000 ,2017
955,Kansas State,+41500 ,2017
956,Marquette,+44500 ,2017
957,Wake Forest,+50000 ,2017
958,Providence,+75000 ,2017
959,Nevada,+80000 ,2017
960,Princeton,+100000 ,2017
961,East Tennessee State,+150000 ,2017
962,Florida Gulf Coast,+500000 ,2017
963,New Mexico State,+500000 ,2017
964,Bucknell,+500000 ,2017
965,UNC Wilmington,+500000 ,2017
966,Vermont,+500000 ,2017
967,Winthrop,+500000 ,2017
968,Texas Southern,+999999 ,2017
969,South Dakota State,+999999 ,2017
970,Iona,+999999 ,2017
971,Kent State,+999999 ,2017
972,Jacksonville State,+999999 ,2017
973,Mount St Mary's,+999999 ,2017
974,NC Central,+999999 ,2017
975,New Orleans,+999999 ,2017
976,North Dakota,+999999 ,2017
977,Northern Kentucky,+999999 ,2017
978,Troy,+999999 ,2017
979,UC Davis,+999999 ,2017
980,Villanova,+570 ,2018
981,Michigan,+1500 ,2018
982,Kansas,+1450 ,2018
983,Loyola Chicago,+38000 ,2018
984,Duke,+835 ,2018
985,Texas Tech,+7500 ,2018
986,Florida State,+32500 ,2018
987,Kansas State,+55000 ,2018
988,Gonzaga,+2550 ,2018
989,Kentucky,+4400 ,2018
990,Purdue,+1200 ,2018
991,West Virginia,+4400 ,2018
992,Texas A&M,+23000 ,2018
993,Clemson,+18000 ,2018
994,Nevada,+55000 ,2018
995,Syracuse,+130000 ,2018
996,Michigan State,+925 ,2018
997,Cincinnati,+1675 ,2018
998,North Carolina,+1650 ,2018
999,Xavier,+2450 ,2018
1000,Tennessee,+5000 ,2018
1001,Florida,+12000 ,2018
1002,Auburn,+8700 ,2018
1003,Houston,+11000 ,2018
1004,Ohio,+8500 ,2018
1005,San Jos? State,+20500 ,2018
1006,Butler,+18000 ,2018
1007,Alabama,+47500 ,2018
1008,Rhode Island,+38000 ,2018
1009,Buffalo,+250000 ,2018
1010,UMBC,+999999 ,2018
1011,Marshall,+300000 ,2018
1012,Virginia,+620 ,2018
1013,Arizona,+1400 ,2018
1014,Wichita State,+5800 ,2018
1015,TCU,+21500 ,2018
1016,Miami (FL),+27000 ,2018
1017,Texas,+27000 ,2018
1018,Mississippi Valley State,+32500 ,2018
1019,Virginia Tech,+35000 ,2018
1020,Arkansas,+38000 ,2018
1021,Ohio State,+44000 ,2018
1022,NC State,+48500 ,2018
1023,UCLA,+55000 ,2018
1024,Creighton,+55000 ,2018
1025,Providence,+55000 ,2018
1026,St Peter's,+65000 ,2018
1027,Davidson,+75000 ,2018
1028,Arizona State,+87500 ,2018
1029,Southern,+110000 ,2018
1030,New Mexico State,+125000 ,2018
1031,Mount St Mary's,+200000 ,2018
1032,South Carolina,+300000 ,2018
1033,Charleston,+400000 ,2018
1034,UNC Greensboro,+400000 ,2018
1035,Bucknell,+500000 ,2018
1036,Iona,+999999 ,2018
1037,CS Fullerton,+999999 ,2018
1038,Stephen F. Austin,+999999 ,2018
1039,Pennsylvania,+999999 ,2018
1040,Texas Southern,+999999 ,2018
1041,Lipscomb,+999999 ,2018
1042,Navy,+999999 ,2018
1043,Radford,+999999 ,2018
1044,LIU Brooklyn,+999999 ,2018
1045,Georgia State,+999999 ,2018
1046,Monmouth,+999999 ,2018
1047,Wright State,+999999 ,2018
1048,Virginia,+675 ,2019
1049,Texas Tech,+2500 ,2019
1050,Michigan State,+1600 ,2019
1051,Auburn,+5000 ,2019
1052,Duke,+255 ,2019
1053,Gonzaga,+550 ,2019
1054,Kentucky,+1700 ,2019
1055,Purdue,+3500 ,2019
1056,North Carolina,+1000 ,2019
1057,Michigan,+1800 ,2019
1058,Houston,+5000 ,2019
1059,Tennessee,+1800 ,2019
1060,Virginia Tech,+8000 ,2019
1061,Florida State,+6000 ,2019
1062,Oregon,+20000 ,2019
1063,LSU,+6600 ,2019
1064,Buffalo,+10000 ,2019
1065,Wofford,+30000 ,2019
1066,Villanova,+5000 ,2019
1067,Kansas,+6000 ,2019
1068,Murray State,+60000 ,2019
1069,Iowa,+50000 ,2019
1070,Maryland,+25000 ,2019
1071,Florida,+20000 ,2019
1072,Washington,+50000 ,2019
1073,Central Florida,+50000 ,2019
1074,Oklahoma,+75000 ,2019
1075,Ohio State,+100000 ,2019
1076,Minnesota,+50000 ,2019
1077,Baylor,+100000 ,2019
1078,UC Irvine,+150000 ,2019
1079,Liberty,+200000 ,2019
1080,Iowa State,+4000 ,2019
1081,Marquette,+8000 ,2019
1082,Cincinnati,+9000 ,2019
1083,Nevada,+10000 ,2019
1084,Kansas State,+10000 ,2019
1085,Louisville,+10000 ,2019
1086,Wisconsin,+12500 ,2019
1087,Syracuse,+17500 ,2019
1088,Mississippi State,+20000 ,2019
1089,VCU,+50000 ,2019
1090,St Mary's (CA),+50000 ,2019
1091,Utah State,+50000 ,2019
1092,New Mexico State,+50000 ,2019
1093,Seton Hall,+50000 ,2019
1094,Ole Miss,+50000 ,2019
1095,St John's,+100000 ,2019
1096,Arizona State,+100000 ,2019
1097,Temple,+100000 ,2019
1098,Belmont,+100000 ,2019
1099,Georgia State,+100000 ,2019
1100,Northeastern,+100000 ,2019
1101,Old Dominion,+150000 ,2019
1102,Yale,+150000 ,2019
1103,St Louis,+150000 ,2019
1104,Montana,+150000 ,2019
1105,Northern Kentucky,+150000 ,2019
1106,Vermont,+200000 ,2019
1107,Iona,+200000 ,2019
1108,Colgate,+250000 ,2019
1109,Bradley,+500000 ,2019
1110,North Dakota State,+500000 ,2019
1111,Abilene Christian,+500000 ,2019
1112,Fairleigh Dickinson,+500000 ,2019
1113,Gardner-Webb,+500000 ,2019
1114,NC Central,+500000 ,2019
1115,Prairie View A&M,+500000 ,2019
1116,Baylor,+500 ,2021
1117,Gonzaga,+200 ,2021
1118,Houston,+1600 ,2021
1119,UCLA,+12500 ,2021
1120,Michigan,+700 ,2021
1121,USC,+3500 ,2021
1122,Arkansas,+3500 ,2021
1123,Oregon State,+15000 ,2021
1124,Alabama,+1600 ,2021
1125,Loyola Chicago,+4000 ,2021
1126,Florida State,+2000 ,2021
1127,Creighton,+2500 ,2021
1128,Villanova,+4000 ,2021
1129,Oregon,+5000 ,2021
1130,Syracuse,+8000 ,2021
1131,Oral Roberts,+25000 ,2021
1132,Illinois,+600 ,2021
1133,Iowa,+1600 ,2021
1134,Oklahoma State,+1600 ,2021
1135,West Virginia,+2000 ,2021
1136,Texas Tech,+2500 ,2021
1137,Kansas,+2500 ,2021
1138,Oklahoma,+3500 ,2021
1139,Wisconsin,+4000 ,2021
1140,Colorado,+6600 ,2021
1141,LSU,+5000 ,2021
1142,Rutgers,+6600 ,2021
1143,Florida,+8000 ,2021
1144,Maryland,+10000 ,2021
1145,North Texas,+15000 ,2021
1146,Ohio,+20000 ,2021
1147,Abilene Christian,+100000 ,2021
1148,Ohio State,+1600 ,2021
1149,Texas,+2000 ,2021
1150,Connecticut,+3300 ,2021
1151,Tennessee,+4000 ,2021
1152,Purdue,+4000 ,2021
1153,Virginia,+5000 ,2021
1154,North Carolina,+5000 ,2021
1155,San Diego State,+5000 ,2021
1156,Missouri,+6600 ,2021
1157,Virginia Tech,+6600 ,2021
1158,Utah State,+6600 ,2021
1159,Clemson,+8000 ,2021
1160,BYU,+8000 ,2021
1161,Michigan State,+10000 ,2021
1162,Drake,+10000 ,2021
1163,Georgia Tech,+10000 ,2021
1164,Wichita State,+10000 ,2021
1165,VCU,+10000 ,2021
1166,Georgetown,+10000 ,2021
1167,St Bonaventure,+10000 ,2021
1168,UNC Greensboro,+15000 ,2021
1169,Winthrop,+15000 ,2021
1170,Colgate,+20000 ,2021
1171,Liberty,+25000 ,2021
1172,UC Santa Barbara,+25000 ,2021
1173,Morehead State,+50000 ,2021
1174,Eastern Washington,+75000 ,2021
1175,Grand Canyon,+75000 ,2021
1176,Iona,+200000 ,2021
1177,Appalachian State,+200000 ,2021
1178,Cleveland State,+200000 ,2021
1179,Drexel,+200000 ,2021
1180,Hartford,+200000 ,2021
1181,Mount St Mary's,+200000 ,2021
1182,Norfolk State,+200000 ,2021
1183,Texas Southern,+200000 ,2021
1184,Kansas,+900 ,2022
1185,North Carolina,+12500 ,2022
1186,Duke,+1400 ,2022
1187,Villanova,+1800 ,2022
1188,Houston,+3300 ,2022
1189,Arkansas,+6600 ,2022
1190,Miami (FL),+25000 ,2022
1191,St Peter's,+300000 ,2022
1192,Gonzaga,+300 ,2022
1193,Arizona,+600 ,2022
1194,Purdue,+1800 ,2022
1195,UCLA,+2200 ,2022
1196,Texas Tech,+2200 ,2022
1197,Michigan,+12500 ,2022
1198,Providence,+15000 ,2022
1199,Iowa State,+25000 ,2022
1200,Baylor,+1200 ,2022
1201,Auburn,+1400 ,2022
1202,Tennessee,+1800 ,2022
1203,Illinois,+4000 ,2022
1204,Texas,+8000 ,2022
1205,Wisconsin,+8000 ,2022
1206,St Mary's (CA),+12500 ,2022
1207,Ohio State,+20000 ,2022
1208,Michigan State,+12500 ,2022
1209,Memphis,+12500 ,2022
1210,Murray State,+25000 ,2022
1211,Notre Dame,+50000 ,2022
1212,Creighton,+25000 ,2022
1213,TCU,+25000 ,2022
1214,Richmond,+100000 ,2022
1215,New Mexico State,+100000 ,2022
1216,Kentucky,+800 ,2022
1217,Iowa,+2500 ,2022
1218,Connecticut,+8000 ,2022
1219,Alabama,+12500 ,2022
1220,LSU,+12500 ,2022
1221,Loyola Chicago,+15000 ,2022
1222,Virginia Tech,+15000 ,2022
1223,USC,+20000 ,2022
1224,Marquette,+20000 ,2022
1225,San Francisco,+20000 ,2022
1226,San Diego State,+20000 ,2022
1227,Indiana,+25000 ,2022
1228,Colorado State,+25000 ,2022
1229,Boise State,+25000 ,2022
1230,Davidson,+25000 ,2022
1231,Seton Hall,+25000 ,2022
1232,Wyoming,+50000 ,2022
1233,South Dakota State,+50000 ,2022
1234,Vermont,+50000 ,2022
1235,Rutgers,+50000 ,2022
1236,UAB,+100000 ,2022
1237,Chattanooga,+100000 ,2022
1238,Montana State,+200000 ,2022
1239,Akron,+200000 ,2022
1240,Jacksonville State,+300000 ,2022
1241,Colgate,+300000 ,2022
1242,Delaware,+300000 ,2022
1243,Longwood,+300000 ,2022
1244,Yale,+300000 ,2022
1245,Norfolk State,+300000 ,2022
1246,Georgia State,+300000 ,2022
1247,Cal State Fullerton,+500000 ,2022
1248,Wright State,+500000 ,2022
1249,Bryant,+500000 ,2022
1250,Texas Southern,+500000 ,2022
1251,Texas A M-Corpus Christi,+500000 ,2022
